Location,CigaretteSmokingPrevalence,TobaccoSmokingPrevalence,TobaccoUsePrevalance,HealyWarningsOnSmoking,MostSoldBrandCigaretteCurrency,MostSoldBrandCigarettePrice,TreatmentInHealthFacilities,BanOnEducationalFacilites,BanOnGovernmentFacilites,BanOnHealthcareFacilites,BanOnIndoorOffices,BanOnPublicTransport,BanOnPubsAndBars,BanOnRestaurants,BanOnUniversities,RegulationsOnSmokeFreeEnvironments
Albania,46.8 [35.3 – 56.3],54.4 [45 – 66.6],54.4 [45 – 66.6],No,All,130,Data not available,Not available,Not available,Not available,Not available,Not available,Not available,Not available,Not available,Not available
Algeria,12.1 [6.7 – 17.6],15.9 [11.2 – 21.1],20.8 [11.3 – 30.3],No,DZD,70,No,Not available,Not available,Not available,Not available,Not available,Not available,Not available,Not available,3
Andorra,28.9 [19 – 41.1],35.1 [26.3 – 44.9],35.1 [26.3 – 44.9],Not applicable,Not applicable,Data not available,No,Not available,Not available,Not available,Not available,Not available,Not available,Not available,Not available,Not applicable
Argentina,28.3 [23 – 33.6],31.2 [25.5 – 37.1],34.1 [27.2 – 42.8],Not applicable,ARS,3.8,Yes in some,Not available,Not available,Not available,Not available,Not available,Not available,Not available,Not available,Not applicable
Armenia,29.2 [24.3 – 34.1],31.3 [26.4 – 36.6],31.3 [26.4 – 36.6],Not applicable,AMD,500,Yes in some,Not available,Not available,Not available,Not available,Not available,Not available,Not available,Not available,Not available
Australia,16.1 [10.7 – 21.1],19.7 [16.4 – 22.8],22.4 [18.5 – 26.2],No,AUD,9.6,Yes in most,Not available,Not available,Not available,Not available,Not available,Not available,Not available,Not available,Not applicable
Austria,36.7 [28.6 – 45.1],39.4 [30.8 – 47.6],39.4 [30.8 – 47.6],No,EUR,3.6,Yes in some,Not available,Not available,Not available,Not available,Not available,Not available,Not available,Not available,Not applicable
Azerbaijan,19.3 [13.1 – 26.4],24.2 [15 – 32.3],24.2 [15 – 32.3],Not applicable,AZN,0.7,No,Not available,Not available,Not available,Not available,Not available,Not available,Not available,Not available,Not available
Bahamas,3.1 [1.4 – 5.2],18.5 [11.7 – 26.3],18.5 [11.7 – 26.3],Not applicable,BSD,2.69,No,Not available,Not available,Not available,Not available,Not available,Not available,Not available,Not available,Not applicable
Bahrain,14.6 [10.7 – 18.8],34.8 [26.6 – 43.3],26.5 [16.9 – 37.3],Not applicable,BHD,0.6,Yes in most,Not available,Not available,Not available,Not available,Not available,Not available,Not available,Not available,Not applicable
Bangladesh,22 [17.3 – 27],3 [2.1 – 3.8],45.5 [36.8 – 54.7],Not applicable,BDT,15,Yes in some,Not available,Not available,Not available,Not available,Not available,Not available,Not available,Not available,0
Barbados,2 [1 – 3.1],2.6 [1.6 – 4],2.7 [1.7 – 3.8],Not applicable,BBD,11,No,Not available,Not available,Not available,Not available,Not available,Not available,Not available,Not available,Not applicable
Belarus,30.4 [24.7 – 35.7],32.6 [26.9 – 38],32.6 [26.9 – 38],Not applicable,BYR,860,Yes in some,Not available,Not available,Not available,Not available,Not available,Not available,Not available,Not available,Not applicable
Belgium,26 [20.6 – 31.7],27.8 [22.8 – 33.3],27.8 [22.8 – 33.3],No,EUR,4.16,Yes in some,Not available,Not available,Not available,Not available,Not available,Not available,Not available,Not available,Not available
Benin,10.4 [7.3 – 13.9],14.5 [11 – 18.4],20.2 [16.2 – 25.4],No,XOF,500,No,Not available,Not available,Not available,Not available,Not available,Not available,Not available,Not available,1
Bosnia and Herzegovina,34.7 [24.9 – 43.8],42.8 [33.2 – 53],42.8 [33.2 – 53],Not applicable,BAM,2,Yes in most,Not available,Not available,Not available,Not available,Not available,Not available,Not available,Not available,Not applicable
Botswana,24.9 [15.8 – 34.5],31.8 [23.6 – 40.7],27.7 [21.1 – 34.5],Not applicable,BWP,17.5,Yes in some,Not available,Not available,Not available,Not available,Not available,Not available,Not available,Not available,Not applicable
Brazil,17 [13.4 – 20.5],19.2 [16.1 – 23.1],25 [18.9 – 31.1],No,BRL,2.4,Yes in some,Not available,Not available,Not available,Not available,Not available,Not available,Not available,Not available,Not available
Brunei Darussalam,24.5 [15.6 – 33.7],29.2 [21.3 – 36.4],29.2 [21.3 – 36.4],No,BND,2.24,Yes in some,Not available,Not available,Not available,Not available,Not available,Not available,Not available,Not available,Not available
Bulgaria,41.3 [32.9 – 50.3],44.8 [36.2 – 54.2],44.8 [36.2 – 54.2],No,BGN,2.9,Yes in some,Not available,Not available,Not available,Not available,Not available,Not available,Not available,Not available,Not available
Burkina Faso,11.2 [8.2 – 14.2],25.2 [19.6 – 31.6],22.7 [16.4 – 29],No,XOF,500,No,Not available,Not available,Not available,Not available,Not available,Not available,Not available,Not available,2
Burundi,18.1 [11.1 – 26.8],21.3 [13.2 – 31.2],23.9 [16.7 – 32],Not applicable,BIF,600,No,Not available,Not available,Not available,Not available,Not available,Not available,Not available,Not available,Not applicable
Cambodia,4.4 [3.6 – 5.3],4.7 [3.9 – 5.5],34.6 [28.5 – 40.8],Not applicable,USD,0.3,Yes in some,Not available,Not available,Not available,Not available,Not available,Not available,Not available,Not available,Not applicable
Cameroon,15.2 [10.4 – 19.7],15.2 [10.4 – 19.7],2 [1.4 – 2.6],No,XAF,500,Yes in some,Not available,Not available,Not available,Not available,Not available,Not available,Not available,Not available,0
Canada,20 [16.9 – 23.1],20.7 [17.4 – 23.8],28.1 [22.5 – 34.1],Not applicable,CAD,7.86,Yes in most,Not available,Not available,Not available,Not available,Not available,Not available,Not available,Not available,Not available
Chad,12.5 [8.9 – 17.3],10 [7.2 – 12.7],22.6 [15.6 – 31],No,XAF,500,No,Not available,Not available,Not available,Not available,Not available,Not available,Not available,Not available,Not applicable
Chile,38.3 [30.2 – 45.6],49.6 [35.7 – 64.2],49.6 [35.7 – 64.2],Yes,CLP,"1,074",Yes in some,Not available,Not available,Not available,Not available,Not available,Not available,Not available,Not available,10
China,25 [20.7 – 30],27.3 [22.1 – 32.1],27.3 [22.1 – 32.1],Not applicable,CNY,6.44,Yes in some,Not available,Not available,Not available,Not available,Not available,Not available,Not available,Not available,1
Colombia,15.9 [11.2 – 20.5],17.9 [13.1 – 23.8],17.9 [13.1 – 23.8],No,COP,"1,769",Yes in some,Not available,Not available,Not available,Not available,Not available,Not available,Not available,Not available,Not applicable
Comoros,22 [16.5 – 27.6],26.5 [21.5 – 33.1],30.4 [23.1 – 38.7],Not applicable,KMF,500,Data not available,Not available,Not available,Not available,Not available,Not available,Not available,Not available,Not available,Not applicable
Congo,16.2 [11.1 – 21.7],18.1 [14.8 – 22],22.2 [16.8 – 28],Not applicable,XAF,500,No,Not available,Not available,Not available,Not available,Not available,Not available,Not available,Not available,Not applicable
Cook Islands,28.6 [17.7 – 39.4],35.7 [27.6 – 44.4],35.7 [27.6 – 44.4],No,NZD,8.2,Yes in most,Not available,Not available,Not available,Not available,Not available,Not available,Not available,Not available,Not available
Costa Rica,18.7 [14.4 – 23.9],20.8 [16 – 26.1],20.8 [16 – 26.1],Not applicable,CRC,750,Yes in some,Not available,Not available,Not available,Not available,Not available,Not available,Not available,Not available,7
Croatia,31.8 [24 – 39],35.3 [28.6 – 42.4],35.3 [28.6 – 42.4],No,HRK,15,Yes in some,Not available,Not available,Not available,Not available,Not available,Not available,Not available,Not available,Not available
Cuba,27.3 [17.8 – 37.4],37.8 [25.5 – 51.6],37.8 [25.5 – 51.6],No,CUP,7,Yes in most,Not available,Not available,Not available,Not available,Not available,Not available,Not available,Not available,5
Cyprus,32.5 [24.5 – 40.5],40 [29.5 – 51.4],40 [29.5 – 51.4],No,EUR,2.82,Yes in some,Not available,Not available,Not available,Not available,Not available,Not available,Not available,Not available,Not applicable
Czechia,28.4 [23.3 – 34],33.4 [27.6 – 38.8],33.4 [27.6 – 38.8],No,CZK,53,Yes in some,Not available,Not available,Not available,Not available,Not available,Not available,Not available,Not available,Not available
Côte d’Ivoire,12.6 [7.1 – 19.6],15.5 [9 – 24.7],3.4 [1.3 – 6.8],No,XOF,700,No,Not available,Not available,Not available,Not available,Not available,Not available,Not available,Not available,2
Democratic People's Republic of Korea,16.8 [9.5 – 23.5],20.3 [14.5 – 27],20.3 [14.5 – 27],Not applicable,KPW,20,Yes in most,Not available,Not available,Not available,Not available,Not available,Not available,Not available,Not available,Not applicable
Denmark,25.8 [20.7 – 30.8],28.5 [23.5 – 33.8],28.5 [23.5 – 33.8],No,DKK,32,Yes in some,Not available,Not available,Not available,Not available,Not available,Not available,Not available,Not available,Not applicable
Dominican Republic,13.6 [10.5 – 16.9],14.3 [9.8 – 19.5],14.3 [9.8 – 19.5],No,DOP,100,No,Not available,Not available,Not available,Not available,Not available,Not available,Not available,Not available,Not available
Egypt,16.2 [12.7 – 19.8],21.3 [17.2 – 25.3],21.3 [17.2 – 25.3],No,EGP,2.75,Yes in some,Not available,Not available,Not available,Not available,Not available,Not available,Not available,Not available,3
El Salvador,19.4 [12 – 28],23.1 [14.9 – 33.4],28.6 [18.1 – 41.4],No,USD,1.4,Yes in some,Not available,Not available,Not available,Not available,Not available,Not available,Not available,Not available,4
Eritrea,11.9 [6.9 – 16.6],14.5 [10.3 – 18.8],10.2 [7.1 – 13.7],No,ERN,25,No,Not available,Not available,Not available,Not available,Not available,Not available,Not available,Not available,Not applicable
Estonia,32.9 [25.8 – 39.9],36.4 [30.6 – 42.8],36.4 [30.6 – 42.8],No,EEK,32.18,Yes in some,Not available,Not available,Not available,Not available,Not available,Not available,Not available,Not available,Not available
Eswatini,15 [11.9 – 18.4],2.4 [1.8 – 3.3],18.8 [14.6 – 22.7],Not applicable,SZL,27.5,No,Not available,Not available,Not available,Not available,Not available,Not available,Not available,Not available,Not applicable
Ethiopia,3.6 [2.8 – 4.4],4.2 [3.2 – 5.2],10.5 [7.6 – 13],Not applicable,ETB,4.35,No,Not available,Not available,Not available,Not available,Not available,Not available,Not available,Not available,Not applicable
Fiji,24.4 [14.1 – 36],29.9 [20 – 40.4],29.9 [20 – 40.4],Not applicable,FJD,4.6,No,Not available,Not available,Not available,Not available,Not available,Not available,Not available,Not available,Not available
Finland,22 [16.7 – 26.8],25 [20.8 – 28.9],25 [20.8 – 28.9],No,EUR,4.07,Yes in most,Not available,Not available,Not available,Not available,Not available,Not available,Not available,Not available,Not available
France,31.4 [24.4 – 38.6],34.5 [28.3 – 41.1],34.5 [28.3 – 41.1],No,EUR,5.3,Yes in some,Not available,Not available,Not available,Not available,Not available,Not available,Not available,Not available,Not available
Gambia,13.5 [9.3 – 18.4],18 [12.6 – 24],2.8 [1.9 – 3.9],Not applicable,GMD,10,No,Not available,Not available,Not available,Not available,Not available,Not available,Not available,Not available,Not applicable
Georgia,5.3 [4.2 – 6.6],5.7 [4.6 – 6.9],5.7 [4.6 – 6.9],No,GEL,1.8,No,Not available,Not available,Not available,Not available,Not available,Not available,Not available,Not available,Not applicable
Germany,28.9 [23.4 – 34],31.2 [25.8 – 36.3],31.2 [25.8 – 36.3],No,EUR,4.71,Yes in some,Not available,Not available,Not available,Not available,Not available,Not available,Not available,Not available,Not available
Ghana,3.6 [2.5 – 4.7],4.8 [3.3 – 6.1],5.1 [3.9 – 6.6],Not applicable,GHS,1.5,Yes in some,Not available,Not available,Not available,Not available,Not available,Not available,Not available,Not available,Not applicable
Greece,41.1 [31.4 – 51.5],45.3 [34.8 – 56.6],45.3 [34.8 – 56.6],No,EUR,3,Yes in some,Not available,Not available,Not available,Not available,Not available,Not available,Not available,Not available,Not applicable
Guyana,3.8 [2.4 – 5.1],3.8 [2.4 – 5.1],3.8 [2.4 – 5.1],Not applicable,GYD,240,No,Not available,Not available,Not available,Not available,Not available,Not available,Not available,Not available,Not applicable
Haiti,3.5 [2.5 – 4.7],16 [0 – 0],16 [0 – 0],Not applicable,Not applicable,Data not available,No,Not available,Not available,Not available,Not available,Not available,Not available,Not available,Not available,Not applicable
Hungary,33.5 [26.4 – 40.7],35.9 [29.5 – 42.6],35.9 [29.5 – 42.6],No,HUF,568.4,Data not available,Not available,Not available,Not available,Not available,Not available,Not available,Not available,Not available,Not applicable
Iceland,17.6 [10.4 – 25.3],22.1 [16.3 – 28.5],22.1 [16.3 – 28.5],No,ISK,665,Yes in some,Not available,Not available,Not available,Not available,Not available,Not available,Not available,Not available,Not available
India,13 [9.8 – 16.2],23.8 [19.1 – 28.7],38.5 [29.6 – 49.7],Yes,INR,58,Yes in some,Not available,Not available,Not available,Not available,Not available,Not available,Not available,Not available,2
Indonesia,30.7 [24.8 – 36.9],30.7 [24.8 – 36.9],39.3 [32.3 – 47.2],Not applicable,IDR,"12,500",Yes in some,Not available,Not available,Not available,Not available,Not available,Not available,Not available,Not available,3
Iran (Islamic Republic of),11.3 [8.2 – 14.6],25.1 [20.3 – 30.4],30.7 [25.5 – 37.4],Yes,IRR,"4,739",Yes in some,Not available,Not available,Not available,Not available,Not available,Not available,Not available,Not available,5
Iraq,28.8 [18.2 – 41.5],37.1 [27.8 – 48.3],44.4 [32.9 – 56.5],Not applicable,IQD,500,No,Not available,Not available,Not available,Not available,Not available,Not available,Not available,Not available,Not available
Ireland,26.9 [21.7 – 32.4],30.2 [24 – 37.2],30.2 [24 – 37.2],No,EUR,8.05,Yes in some,Not available,Not available,Not available,Not available,Not available,Not available,Not available,Not available,Not available
Israel,24.6 [19.8 – 29.1],28.7 [23.2 – 35.3],28.7 [23.2 – 35.3],No,ILS,19,Yes in some,Not available,Not available,Not available,Not available,Not available,Not available,Not available,Not available,Not available
Italy,24.5 [20.4 – 28],25.1 [21.4 – 29.5],25.1 [21.4 – 29.5],No,EUR,3.6,Yes in some,Not available,Not available,Not available,Not available,Not available,Not available,Not available,Not available,Not available
Jamaica,19.4 [13.6 – 24.9],24 [14.8 – 34.3],24 [14.8 – 34.3],Not applicable,JMD,405,Yes in most,Not available,Not available,Not available,Not available,Not available,Not available,Not available,Not available,Not applicable
Japan,27.2 [22.7 – 31.7],28.3 [23.6 – 32.9],28.3 [23.6 – 32.9],No,JPY,300,Yes in some,Not available,Not available,Not available,Not available,Not available,Not available,Not available,Not available,Not applicable
Kazakhstan,46.8 [39.3 – 56.2],50.1 [41.1 – 59.4],50.1 [41.1 – 59.4],No,KZT,90,Data not available,Not available,Not available,Not available,Not available,Not available,Not available,Not available,Not available,Not available
Kenya,11 [9 – 13.4],13.6 [10.4 – 16.6],27.1 [22 – 32.7],No,KES,80,Yes in some,Not available,Not available,Not available,Not available,Not available,Not available,Not available,Not available,Not applicable
Kiribati,49.3 [28.6 – 68.9],61.2 [46.6 – 76.3],61.2 [46.6 – 76.3],Not applicable,AUD,6.4,Yes in most,Not available,Not available,Not available,Not available,Not available,Not available,Not available,Not available,Not applicable
Kuwait,2.3 [1.1 – 3.5],37 [29.4 – 45.7],43.6 [33.5 – 54.9],Not applicable,KWD,0.47,Yes in most,Not available,Not available,Not available,Not available,Not available,Not available,Not available,Not available,Not applicable
Kyrgyzstan,3.7 [2.7 – 4.8],4.3 [3.1 – 5.7],4.3 [3.1 – 5.7],Yes,KGS,22,Yes in most,Not available,Not available,Not available,Not available,Not available,Not available,Not available,Not available,Not available
Lao People's Democratic Republic,50.2 [39 – 63.7],36.6 [29 – 43.8],51.1 [39.8 – 62.3],Not applicable,LAK,"5,000",No,Not available,Not available,Not available,Not available,Not available,Not available,Not available,Not available,Not available
Latvia,34.6 [26.8 – 42],39 [31.9 – 45.5],39 [31.9 – 45.5],Not applicable,LVL,1.48,Yes in some,Not available,Not available,Not available,Not available,Not available,Not available,Not available,Not available,Not available
Lebanon,29.6 [21.7 – 37.2],34.4 [25.7 – 44],43.3 [29.3 – 59.4],No,LBP,"2,000",No,Not available,Not available,Not available,Not available,Not available,Not available,Not available,Not available,Not available
Lesotho,16.3 [12.4 – 20.9],20.8 [14.9 – 27.2],42.5 [34.2 – 51.6],Not applicable,LSL,22,Yes in most,Not available,Not available,Not available,Not available,Not available,Not available,Not available,Not available,Not available
Liberia,15.8 [9.6 – 22],2.1 [1.5 – 2.8],18.9 [14.2 – 24],Not applicable,LRD,50,Yes in some,Not available,Not available,Not available,Not available,Not available,Not available,Not available,Not available,Not applicable
Lithuania,29.3 [22.9 – 35.6],32.4 [27.1 – 38.1],32.4 [27.1 – 38.1],No,LTL,5,Yes in some,Not available,Not available,Not available,Not available,Not available,Not available,Not available,Not available,Not available
Luxembourg,23.9 [19.1 – 28.7],26.2 [22 – 30.9],26.2 [22 – 30.9],No,EUR,3.2,Data not available,Not available,Not available,Not available,Not available,Not available,Not available,Not available,Not available,Not available
Madagascar,16.4 [12.1 – 20.9],22.7 [15.4 – 30.7],36.5 [27.7 – 46.4],No,MGA,"1,400",No,Not available,Not available,Not available,Not available,Not available,Not available,Not available,Not available,3
Malawi,2.7 [1.5 – 3.9],26.7 [22.4 – 31.9],29.8 [24.2 – 36],Not applicable,MWK,150,No,Not available,Not available,Not available,Not available,Not available,Not available,Not available,Not available,Not applicable
Malaysia,21.8 [15.8 – 27.9],25.7 [20.5 – 30.7],25.7 [20.5 – 30.7],Not applicable,MYR,9,Yes in some,Not available,Not available,Not available,Not available,Not available,Not available,Not available,Not available,Not applicable
Mali,18.2 [13.4 – 22.5],2.6 [1.5 – 3.9],2.6 [1.5 – 3.9],No,XOF,700,No,Not available,Not available,Not available,Not available,Not available,Not available,Not available,Not available,Not applicable
Malta,26.9 [20.8 – 33],30.1 [24.6 – 36.1],30.1 [24.6 – 36.1],Not applicable,EUR,3.59,Yes in some,Not available,Not available,Not available,Not available,Not available,Not available,Not available,Not available,Not available
Mauritius,3.6 [2.9 – 4.5],4.2 [3.3 – 5.2],54.1 [36.3 – 72.3],Not applicable,MUR,65,No,Not available,Not available,Not available,Not available,Not available,Not available,Not available,Not available,Not applicable
Mexico,26.7 [22 – 31.7],29 [24.4 – 34.4],29 [24.4 – 34.4],No,MXN,28,Yes in most,Not available,Not available,Not available,Not available,Not available,Not available,Not available,Not available,Not applicable
Mongolia,42.6 [27.3 – 56.6],52.2 [42.5 – 64.9],57.6 [44.8 – 72.5],No,MNT,500,Yes in some,Not available,Not available,Not available,Not available,Not available,Not available,Not available,Not available,2
Morocco,14.8 [11.3 – 18.3],17.4 [14.1 – 21.1],19.4 [15.4 – 24.6],No,MAD,17.5,Yes in most,Not available,Not available,Not available,Not available,Not available,Not available,Not available,Not available,Not available
Mozambique,2.3 [1.3 – 3.4],34.5 [24 – 44.4],33.7 [26.8 – 42],No,MZN,15,No,Not available,Not available,Not available,Not available,Not available,Not available,Not available,Not available,Not available
Myanmar,39.7 [29.6 – 50.9],29.9 [23.4 – 36.7],55.4 [44.3 – 68.8],Not applicable,MMK,"1,050",Yes in some,Not available,Not available,Not available,Not available,Not available,Not available,Not available,Not available,5
Namibia,21.5 [17.2 – 26.8],21.8 [16.6 – 27.2],21.9 [6 – 9.8],Not applicable,NAD,23,No,Not available,Not available,Not available,Not available,Not available,Not available,Not available,Not available,Not available
Nauru,43.4 [26.9 – 60.2],53.3 [40.2 – 69.3],62.8 [47.1 – 80.6],Not applicable,AUD,4.4,No,Not available,Not available,Not available,Not available,Not available,Not available,Not available,Not available,Not applicable
Nepal,27.4 [22.2 – 32.8],30.8 [25.5 – 36.4],49 [40 – 58.6],Not applicable,NPR,65,Yes in some,Not available,Not available,Not available,Not available,Not available,Not available,Not available,Not available,Not applicable
Netherlands,24.3 [18.1 – 30.1],28.4 [24 – 33.4],28.4 [24 – 33.4],No,EUR,4.74,Yes in most,Not available,Not available,Not available,Not available,Not available,Not available,Not available,Not available,Not applicable
New Zealand,21.5 [17.9 – 24.9],22.5 [18.9 – 26.1],22.5 [18.9 – 26.1],No,NZD,10,Yes in most,Not available,Not available,Not available,Not available,Not available,Not available,Not available,Not available,10
Niger,10.9 [7.8 – 14],12.8 [10.5 – 15.7],14.5 [11.3 – 17.7],Not applicable,XOF,400,No,Not available,Not available,Not available,Not available,Not available,Not available,Not available,Not available,Not applicable
Nigeria,4.5 [3.2 – 6],5.2 [4.1 – 6.6],11.2 [8.2 – 14],Not applicable,NGN,180,Yes in some,Not available,Not available,Not available,Not available,Not available,Not available,Not available,Not available,0
Norway,24.5 [16.7 – 32.3],30.8 [26.4 – 35.8],20.7 [17.4 – 23.8],No,NOK,71,Yes in some,Not available,Not available,Not available,Not available,Not available,Not available,Not available,Not available,Not available
Oman,10.7 [8 – 13.5],14.2 [11.4 – 17],18.1 [13.3 – 23],No,OMR,0.6,No,Not available,Not available,Not available,Not available,Not available,Not available,Not available,Not available,8
Pakistan,28.9 [22 – 37.8],37.6 [29 – 46.6],30.7 [22.9 – 38.9],Not applicable,PKR,18.4,Yes in some,Not available,Not available,Not available,Not available,Not available,Not available,Not available,Not available,2
Palau,26.3 [13.5 – 36.6],22.2 [14.9 – 29.1],29.5 [18.5 – 41.5],Not applicable,USD,3.5,Yes in some,Not available,Not available,Not available,Not available,Not available,Not available,Not available,Not available,9
Panama,3.1 [2.2 – 3.9],16.5 [13 – 20.5],19.1 [13.4 – 25.2],Yes,USD,1.96,Yes in some,Not available,Not available,Not available,Not available,Not available,Not available,Not available,Not available,5
Paraguay,27.5 [18.7 – 38.2],32.9 [26.4 – 40.4],32.9 [26.4 – 40.4],Not applicable,PYG,"1,000",Yes in some,Not available,Not available,Not available,Not available,Not available,Not available,Not available,Not available,5
Peru,30.2 [21.2 – 40.1],33 [22.3 – 43.5],33 [22.3 – 43.5],Yes,PEN,4,No,Not available,Not available,Not available,Not available,Not available,Not available,Not available,Not available,5
Philippines,46 [37.3 – 55.1],30.5 [24.9 – 35.6],30.5 [24.9 – 35.6],No,PHP,12.23,No,Not available,Not available,Not available,Not available,Not available,Not available,Not available,Not available,5
Poland,31.8 [25.4 – 38],34.1 [27.6 – 40.5],34.1 [27.6 – 40.5],No,PLN,5.75,Yes in some,Not available,Not available,Not available,Not available,Not available,Not available,Not available,Not available,Not applicable
Portugal,23.1 [17.6 – 28.4],26.1 [21.3 – 31.2],26.1 [21.3 – 31.2],No,EUR,3.3,Yes in some,Not available,Not available,Not available,Not available,Not available,Not available,Not available,Not available,Not available
Qatar,10.1 [6.6 – 14.4],12.7 [9.1 – 17.1],14.9 [11 – 19.2],No,QAR,6,Yes in some,Not available,Not available,Not available,Not available,Not available,Not available,Not available,Not available,Not applicable
Republic of Korea,48.9 [41.4 – 58.2],51.7 [43.5 – 60.3],51.7 [43.5 – 60.3],Not applicable,KRW,"2,500",Yes in some,Not available,Not available,Not available,Not available,Not available,Not available,Not available,Not available,6
Republic of Moldova,39.3 [32.2 – 47.4],43.8 [35.9 – 52.1],43.8 [35.9 – 52.1],Not applicable,MDL,6,No,Not available,Not available,Not available,Not available,Not available,Not available,Not available,Not available,Not available
Romania,30.8 [24.4 – 37.2],34.4 [28.6 – 41.1],34.4 [28.6 – 41.1],No,RON,6.5,Yes in some,Not available,Not available,Not available,Not available,Not available,Not available,Not available,Not available,Not available
Russian Federation,30.9 [25.8 – 35.7],31.5 [26.4 – 36.8],31.5 [26.4 – 36.8],No,RUB,25,No,Not available,Not available,Not available,Not available,Not available,Not available,Not available,Not available,Not applicable
Rwanda,16.9 [11.5 – 22.2],24.3 [17.5 – 31.5],24.6 [18.5 – 31.4],Not applicable,RWF,500,No,Not available,Not available,Not available,Not available,Not available,Not available,Not available,Not available,Not applicable
Samoa,28.7 [21.5 – 37.5],35.6 [26.7 – 44.3],35.6 [26.7 – 44.3],No,WST,7.8,No,Not available,Not available,Not available,Not available,Not available,Not available,Not available,Not available,Not applicable
Sao Tome and Principe,4 [2.7 – 5.7],4.6 [3.5 – 6],5.9 [4.3 – 7.6],Not applicable,STD,"20,000",No,Not available,Not available,Not available,Not available,Not available,Not available,Not available,Not available,Not applicable
Saudi Arabia,2.1 [1.3 – 3],2.9 [2 – 3.8],3.3 [1.9 – 4.8],Not applicable,SAR,6,Yes in most,Not available,Not available,Not available,Not available,Not available,Not available,Not available,Not available,0
Senegal,15.8 [11.8 – 19.3],18.3 [15 – 22.3],12.1 [8.7 – 16.3],No,XOF,400,Yes in some,Not available,Not available,Not available,Not available,Not available,Not available,Not available,Not available,0
Serbia,38.8 [29.6 – 48.2],43.6 [35.6 – 52.1],43.6 [35.6 – 52.1],Not applicable,RSD,70,Yes in some,Not available,Not available,Not available,Not available,Not available,Not available,Not available,Not available,Not available
Seychelles,34.1 [25.6 – 42.5],38.8 [29.3 – 47.4],39.5 [29.7 – 48.8],Not applicable,SCR,66,No,Not available,Not available,Not available,Not available,Not available,Not available,Not available,Not available,Not applicable
Sierra Leone,36.6 [27.8 – 45.9],28.6 [22.8 – 35.4],28.6 [22.8 – 35.4],Not applicable,SLL,"1,600",No,Not available,Not available,Not available,Not available,Not available,Not available,Not available,Not available,Not applicable
Singapore,24.6 [20 – 29.7],27.5 [23 – 32.9],27.5 [23 – 32.9],No,SGD,11.6,Yes in most,Not available,Not available,Not available,Not available,Not available,Not available,Not available,Not available,7
Slovakia,26.8 [18.9 – 33.9],31.9 [24.7 – 38.9],31.9 [24.7 – 38.9],No,EUR,2.1,No,Not available,Not available,Not available,Not available,Not available,Not available,Not available,Not available,Not available
Slovenia,22.4 [17.7 – 27.1],24.3 [20.1 – 28.7],24.3 [20.1 – 28.7],No,EUR,2.2,Yes in some,Not available,Not available,Not available,Not available,Not available,Not available,Not available,Not available,Not available
Solomon Islands,33.6 [23.9 – 43.6],40.4 [31 – 49.5],40.4 [31 – 49.5],Not applicable,Not applicable,Data not available,No,Not available,Not available,Not available,Not available,Not available,Not available,Not available,Not available,Not applicable
South Africa,29.2 [21.5 – 36.3],35.7 [28.8 – 42.3],35 [25.3 – 46.3],No,ZAR,19.18,Yes in most,Not available,Not available,Not available,Not available,Not available,Not available,Not available,Not available,Not applicable
Spain,31 [24.2 – 37.2],33.3 [27.9 – 40],33.3 [27.9 – 40],No,EUR,2.5,Yes in some,Not available,Not available,Not available,Not available,Not available,Not available,Not available,Not available,Not available
Sri Lanka,11.6 [7.4 – 15.9],15.3 [12.5 – 18.4],45.5 [35.8 – 57.3],Not applicable,LKR,320,Yes in most,Not available,Not available,Not available,Not available,Not available,Not available,Not available,Not available,8
Sweden,18.6 [13.7 – 24],25.1 [20.7 – 29.7],41.7 [33.2 – 50.5],No,SEK,49,Yes in most,Not available,Not available,Not available,Not available,Not available,Not available,Not available,Not available,Not applicable
Switzerland,23.8 [17.9 – 29.6],27.1 [22.7 – 31.6],27.1 [22.7 – 31.6],No,CHF,6.6,Yes in some,Not available,Not available,Not available,Not available,Not available,Not available,Not available,Not available,Not applicable
Thailand,22.2 [18.5 – 26],23.7 [20.3 – 28.2],4.5 [3.4 – 5.8],Not applicable,THB,45,Yes in some,Not available,Not available,Not available,Not available,Not available,Not available,Not available,Not available,6
Timor-Leste,6.4 [3.5 – 9.5],48.5 [38.4 – 57.9],48.5 [38.4 – 57.9],Not applicable,USD,1,No,Not available,Not available,Not available,Not available,Not available,Not available,Not available,Not available,Not applicable
Togo,12.2 [7.8 – 17.3],16.1 [10.8 – 22.6],3.3 [2 – 4.5],Not applicable,XOF,350,No,Not available,Not available,Not available,Not available,Not available,Not available,Not available,Not available,Not applicable
Tonga,25.7 [16.9 – 34.7],31.7 [25.4 – 38.6],31.7 [25.4 – 38.6],No,TOP,7.3,No,Not available,Not available,Not available,Not available,Not available,Not available,Not available,Not available,Not available
Tunisia,22.8 [15.4 – 31.8],3.4 [2.3 – 4.6],4.5 [2.9 – 6.4],No,TND,1.7,Yes in most,Not available,Not available,Not available,Not available,Not available,Not available,Not available,Not available,Not applicable
Turkey,30.4 [24.9 – 35.8],32.6 [27 – 38.1],32.6 [27 – 38.1],No,TRY,3,No,Not available,Not available,Not available,Not available,Not available,Not available,Not available,Not available,Not applicable
Tuvalu,35.4 [25.7 – 44.6],43.6 [29.6 – 57.6],56.7 [39.9 – 75.7],No,AUD,4.5,Yes in most,Not available,Not available,Not available,Not available,Not available,Not available,Not available,Not available,Not applicable
Uganda,19.2 [14.7 – 23.4],22 [17.2 – 27.4],26.4 [19.9 – 32.2],Not applicable,UGX,"1,000",Data not available,Not available,Not available,Not available,Not available,Not available,Not available,Not available,Not available,6
Ukraine,31.2 [26.4 – 36.8],32.9 [27.4 – 38.1],32.9 [27.4 – 38.1],No,UAH,2.5,No,Not available,Not available,Not available,Not available,Not available,Not available,Not available,Not available,Not applicable
United Arab Emirates,12.6 [7 – 18.5],16.4 [11 – 22],20 [12.7 – 28.7],Not applicable,AED,6.5,Yes in some,Not available,Not available,Not available,Not available,Not available,Not available,Not available,Not available,3
United Kingdom of Great Britain and Northern Ireland,26.6 [20.9 – 32.6],30.3 [23.6 – 37.1],30.3 [23.6 – 37.1],No,GBP,5.67,Yes in most,Not available,Not available,Not available,Not available,Not available,Not available,Not available,Not available,Not available
United Republic of Tanzania,13 [8.9 – 17.4],3 [1.8 – 4.5],32.6 [22.6 – 42.2],No,TZS,"1,400",Yes in some,Not available,Not available,Not available,Not available,Not available,Not available,Not available,Not available,Not applicable
United States of America,21.5 [18.3 – 25],25.1 [20.9 – 29.8],29.1 [24 – 34.8],Not applicable,USD,4.58,Yes in some,Not available,Not available,Not available,Not available,Not available,Not available,Not available,Not available,Not applicable
Uruguay,27.8 [22.6 – 33.3],31.1 [26 – 37.1],31.1 [26 – 37.1],Yes,UYU,45,Yes in some,Not available,Not available,Not available,Not available,Not available,Not available,Not available,Not available,10
Uzbekistan,11.9 [9 – 15.2],14.4 [10.8 – 18.4],14.4 [10.8 – 18.4],No,UZS,700,No,Not available,Not available,Not available,Not available,Not available,Not available,Not available,Not available,Not available
Vanuatu,3 [1.6 – 4.6],3.6 [2.2 – 5.2],4.2 [2.5 – 6.3],Not applicable,VUV,640,No,Not available,Not available,Not available,Not available,Not available,Not available,Not available,Not available,Not applicable
Yemen,24.6 [11.8 – 39.2],21.7 [13.4 – 32.3],26.2 [14.2 – 39.2],No,YER,150,No,Not available,Not available,Not available,Not available,Not available,Not available,Not available,Not available,Not applicable
Zambia,13.2 [10.5 – 16.3],27.3 [21.8 – 33.4],29 [23.4 – 34.3],No,ZMK,"5,500",No,Not available,Not available,Not available,Not available,Not available,Not available,Not available,Not available,Not available
Zimbabwe,12.9 [10 – 16],2.1 [1.4 – 3],2.1 [1.4 – 3],No,USD,0.4,No,Not available,Not available,Not available,Not available,Not available,Not available,Not available,Not available,6
